tags,ave_area,x_min,median_aspect_ratio,max_aspect_ratio,publish_time,title,PWN,orientable,num_geometric_degenerated_faces,max_dihedral_angle,category,p25_aspect_ratio,num_complanar_intersecting_faces,total_area,ave_dihedral_angle,num_connected_components,p95_dihedral_angle,vertex_manifold,median_valance,license,max_valance,median_dihedral_angle,num_vertices,min_valance,stl_file,min_aspect_ratio,euler_characteristic,z_max,num_boundary_edges,x_max,thing_id,num_combinatorial_degenerated_faces,y_min,p25_area,p25_dihedral_angle,p75_aspect_ratio,p95_aspect_ratio,p90_area,edge_manifold,y_max,p90_aspect_ratio,subcategory,p75_valance,min_dihedral_angle,num_duplicated_faces,link,p25_valance,max_area,min_area,p95_area,solid,p90_valance,z_min,ave_valance,ave_aspect_ratio,p75_dihedral_angle,num_self_intersections,author,num_faces,p75_area,median_area,img_file,p90_dihedral_angle,json_file,p95_valance
"['rover', 'spider', 'walking']",1.4102,-77.58740234375,3.20646,6335850000.0,2014-09-19T14:31:19,Spider Rover ,1,1,18,3.14159,toys-and-games,2.16593,28,15154.0,0.519279,1,1.5708,1,5.0,Attribution - Non-Commercial - Share Alike,73.0,0.0805766,5365,3.0,779964.stl,1.03379,-8,1.5999999046325684,,-77.1144027709961,468872,,-23.97279930114746,0.247989,,31.7623,889.714,1.41201,1,-23.559600830078125,463.875,mechanical-toys,6.0,,,https://thingiverse-production-new.s3.amazonaws.com/assets/45/71/78/e0/07/deck_bottom.stl,5.0,259.0,,5.67751,,7.0,1.5999999046325684,6.00895,716232.0,1.19335,110,johann517,10746,0.754683,0.462537,779964.png,1.5708,779964.json,8.0
"['articulado', 'ball_jointed', 'cool', 'doll', 'jointed', 'printdoll', 'robot', 'wierd']",0.304431,-18.915115356445312,2.94879,3196570.0,2015-02-27T13:49:33,BeQui;  Jointed Robot ,1,1,,3.14158,models,1.35752,,9337.5,0.135797,2,0.875242,1,6.0,Creative Commons - Attribution - Share Alike,64.0,0.045954,15336,3.0,1131717.stl,1.00048,,-212.26025390625,,-18.678428649902344,701051,,-19.77655029296875,0.0850574,0.00111409,4.59996,20.0068,0.445776,1,-19.455459594726562,8.52243,model-robots,8.0,,,https://thingiverse-production-new.s3.amazonaws.com/assets/14/e7/18/8a/e5/2__femur.stl,4.0,29.2098,2.34964e-07,0.91199,,8.0,-213.19239807128906,6.0,1827.8,0.0955037,116,bqLabs,30672,0.309625,0.166873,1131717.png,0.175864,1131717.json,8.0
"['christmas', 'gift', 'holiday', 'makerbot', 'nutcracker']",0.198868,32.597999572753906,1.47253,1566030000.0,2014-12-06T00:47:01,Nutcracker ,1,1,1,3.14159,household,1.24374,9,2224.54,0.169411,3,1.55715,1,6.0,Creative Commons - Attribution - Non-Commercial,85.0,0.0163456,5599,3.0,931878.stl,1.00055,6,11.0,,33.597999572753906,579567,,11.591397285461426,0.0577268,0.00202835,2.77727,85.0397,0.436765,1,11.591397285461426,15.0624,decor,6.0,,,https://thingiverse-production-new.s3.amazonaws.com/assets/b2/87/50/5d/e1/Ears.stl,5.0,13.7148,,0.778372,,8.0,10.0,5.99357,458012.0,0.0735229,141,MakerBot,11186,0.183837,0.109581,931878.png,0.36539,931878.json,8.0
"['laser', 'laser_chess', '3D', 'board_game', 'boardgame', 'chess', 'chessboard', 'electronics', 'featured', 'game', 'laser_cutter', 'makerbot', 'openscad']",266.667,-10.0,1.29282,1.29282,2011-09-21T21:33:06,Laser Chess ,1,1,,1.5708,None,1.20711,,3200.0,1.0472,1,1.5708,1,4.0,Creative Commons - Attribution - Share Alike,6.0,1.5708,8,4.0,37620.stl,1.20711,2,30.0,,-10.0,11782,,-10.0,200.0,,1.29282,1.29282,300.0,1,10.0,1.29282,None,4.5,,,https://thingiverse-production-new.s3.amazonaws.com/assets/a8/f8/1d/98/c5/laser_chess_GaurdOrKing.stl,4.0,300.0,200.0,300.0,1,6.0,,4.5,1.26425,1.5708,,colah,12,300.0,300.0,37620.png,1.5708,37620.json,6.0
"['flute', 'music', 'recorder', 'empire_state_building', 'instrument']",35.7213,-21.923261642456055,1.27242,2.87624,2011-10-25T11:24:56,Empire State Recorder (instrument) ,1,1,,1.57158,None,1.25238,,571.541,0.800427,1,1.57158,1,4.0,Creative Commons - Attribution - Share Alike,6.0,0.831757,10,4.0,41929.stl,1.15483,2,37.434600830078125,,-19.073427200317383,12904,,-9.746228218078613,19.5337,,1.63407,2.87624,86.3184,1,-3.6740005016326904,2.79314,None,6.0,,,https://thingiverse-production-new.s3.amazonaws.com/assets/4c/0d/a1/1c/3c/empirerecorder-spire.stl,4.0,89.1761,8.62152,89.1761,1,6.0,8.2005615234375,4.8,1.63326,1.5702,,cymon,16,39.446,23.9727,41929.png,1.5708,41929.json,6.0
,0.739588,3.0587821006774902,1.51293,1454.01,2012-11-16T07:42:57,The Hanger Chain  ,1,1,,1.31456,household,1.30921,,5046.95,0.132278,1,0.916835,1,6.0,Creative Commons - Attribution - Non-Commercial,14.0,0.0682234,3412,3.0,99812.stl,1.00051,,-1.40730619430542,,6.774359703063965,34670,,-44.85357666015625,0.235304,6.31077e-06,2.51494,14.1037,1.51859,1,-40.10019302368164,4.98978,organization,6.0,,,https://thingiverse-production-new.s3.amazonaws.com/assets/6a/62/9e/24/fe/hanger_chain3_hook.stl,6.0,25.3346,1.41728e-05,2.49788,1,7.0,-1.40730619430542,6.0,4.84522,0.163672,,paulhoover,6824,0.768249,0.430081,99812.png,0.260781,99812.json,7.0
"['clock', 'desk_clock', 'divers_watch', 'watch']",3.15195,50.00000762939453,1.26611,11230.9,2015-01-03T03:18:06,Large scale Divers watch desk clock ,1,1,,1.9252,gadgets,1.24537,,14568.3,0.163792,1,1.5708,1,6.0,Creative Commons - Attribution - Non-Commercial,41.0,0.0018729,2311,4.0,996810.stl,1.21521,,2.7840003967285156,,51.16600799560547,619550,,-1.7009986639022827,1.02197,0.000352986,1.71233,195.282,5.16788,1,0.0010013580322265625,78.6013,,6.0,,,https://thingiverse-production-new.s3.amazonaws.com/assets/58/47/c6/2a/89/Back_outer.stl,6.0,284.17,0.0384984,10.7604,1,6.0,2.184000015258789,6.0,46.4406,0.0151152,,francfalco,4622,1.17186,1.09751,996810.png,0.732108,996810.json,6.5
"['bird', 'birdhouse', 'BirdhouseChallenge', 'Birdhouse_Challenge', 'customizable_birdhouse', 'customizer', 'house']",238.75,-83.19999694824219,4.58759,131771000.0,2013-06-24T14:21:00,Bird House Customizer by TheNewHob,1,1,,2.65803,household,2.15742,,217740.0,0.64168,4,1.5708,1,5.0,Creative Commons - Attribution - Non-Commercial,27.0,7.81362e-05,452,3.0,226774.stl,1.04141,-4,121.0,,-83.19999694824219,106951,,-63.5,5.56002,,12.9026,304.336,172.898,1,63.5,75.076,outdoor-and-garden,6.0,,,https://thingiverse-production-new.s3.amazonaws.com/assets/1e/b7/6f/91/85/Tree_Swallow_TNH.stl,5.0,10629.9,0.0283935,754.753,,7.0,,6.0531,202726.0,1.5708,,ist,912,36.9882,11.6409,226774.png,1.5708,226774.json,10.0
['interesting'],1.58283,-20.0,3.32922,67595200000.0,2012-05-27T17:47:02,Constrained Symmetric Coupling Study ,1,1,,3.14159,toys-and-games,1.94933,5,5489.24,0.587289,1,1.5708,1,6.0,Attribution - Non-Commercial - Share Alike,37.0,4.18307e-05,1690,3.0,72347.stl,1.01972,-44,4.0,,-20.0,23795,,-15.0,0.364951,,11.8141,5045.02,2.37304,1,15.0,141.623,construction-toys,7.0,,,https://thingiverse-production-new.s3.amazonaws.com/assets/f3/15/d1/b7/ee/mateB.stl,5.0,60.0,6.06225e-07,4.20968,,8.0,,6.15621,63017300.0,1.5708,10,mrule,3468,1.69962,1.1037,72347.png,1.5708,72347.json,9.0
"['optimus_prime', 'tardis', 'toy', 'transformer']",7.13027,33.83660888671875,1.87952,48037900.0,2013-07-06T18:01:54,Tardis Transformer V2 ,1,1,,3.0412,toys-and-games,1.24277,,9098.22,0.498076,2,1.57462,1,6.0,Creative Commons - Attribution,21.0,0.188521,636,3.0,375260.stl,1.00462,-2,13.039054870605469,,33.83660888671875,113117,,32.399837493896484,0.570913,1.40641e-07,4.85665,124.311,12.4556,1,35.50127410888672,24.3475,mechanical-toys,6.0,,,https://thingiverse-production-new.s3.amazonaws.com/assets/73/e0/82/4a/23/lowerlegleft_blue.stl,5.0,233.04,0.000255343,34.0913,1,7.0,11.733667373657227,6.01887,37784.5,0.619938,,Ellindsey,1276,3.78391,1.19822,375260.png,1.5708,375260.json,9.0
"['architecture', 'budmen', 'cloud', 'cloud_factory', 'factory', 'fiction', 'imagination', 'isaac_budmen', 'model']",0.446406,-27.552749633789062,2.2111,24189400.0,2013-05-26T19:30:35,Cloud Factory ,1,,,3.14159,models,1.50163,2,12260.1,0.356924,8,1.61178,,6.0,Creative Commons - Attribution - Non-Commercial,103.0,0.107309,13726,2.0,206319.stl,1.00014,-1,1.4780000448226929,,-24.735029220581055,94164,4,-28.56475067138672,0.00330155,0.000219277,5.83125,154.1,0.837623,,-26.648250579833984,36.7665,,6.0,,1,https://thingiverse-production-new.s3.amazonaws.com/assets/9f/02/87/73/a5/cloud-factory.stl,5.0,380.683,,1.72707,,8.0,1.0720000267028809,6.00189,2020.27,0.398489,1,ibudmen,27464,0.186714,0.0687237,206319.png,1.37297,206319.json,9.0
"['animal', 'sculpture']",0.79561,-14.367669105529785,1.22994,25524.1,2012-11-26T10:48:33,Superlambanana ,1,1,,3.01087,art,1.09348,,5908.2,0.155354,1,0.408113,1,6.0,GNU - GPL,14.0,0.0809082,3715,3.0,101902.stl,1.00003,2,41.145957946777344,,-13.55908203125,35532,,-31.36447525024414,0.244791,0.0349369,1.4973,3.02583,1.73527,1,-30.91101837158203,2.03518,sculptures,7.0,,,https://thingiverse-production-new.s3.amazonaws.com/assets/d8/fa/59/25/d8/Super_Lambanana.stl,5.0,17.3977,2.41842e-05,2.53938,,8.0,40.609947204589844,5.99677,11.5042,0.167362,6,Bracken,7426,0.916177,0.462228,101902.png,0.280692,101902.json,8.0
"['board', 'chess', 'dragon', 'fantasy', 'fire', 'game', 'game_of_thrones', 'Ice', 'Ill_Gotten_Games', 'medieval', 'RPG', 'strategy', 'tabletop', 'thrones', 'toy']",0.300465,6.625500202178955,1.38106,21692.5,2013-05-22T08:11:18,George R. R. Martin&#039;s Cyvasse (unofficial game) ,1,1,,3.03766,toys-and-games,1.16478,,14886.2,0.287282,2,1.52977,1,6.0,Creative Commons - Attribution - Share Alike,92.0,0.167713,24776,3.0,203218.stl,1.00003,4,2.000999927520752,,23.57295036315918,92172,,-25.0,0.0840677,0.0642801,1.94942,7.36614,0.393015,1,-25.0,3.54349,games,7.0,,,https://thingiverse-production-new.s3.amazonaws.com/assets/81/7f/2a/b2/09/screen_braces.stl,5.0,454.074,1.35926e-05,0.558335,1,8.0,,5.99903,6.69547,0.322779,,dutchmogul,49544,0.235736,0.144391,203218.png,0.644064,203218.json,9.0
"['Action_Figure', 'anime', 'ModioChallenge', 'sword', 'toy', 'weapon']",6.37928,-24.280542373657227,2.00973,136552.0,2014-10-09T03:45:48,Omnis Terra ,1,1,,2.71087,toys-and-games,1.30895,,7412.72,0.510366,1,1.95118,1,6.0,Creative Commons - Attribution - Non-Commercial,17.0,0.0380866,579,3.0,841122.stl,1.00738,-2,12.996999740600586,,-23.863000869750977,492429,,15.31569766998291,0.922158,,6.87722,115.794,12.1874,1,15.992728233337402,20.1735,construction-toys,7.0,,,https://thingiverse-production-new.s3.amazonaws.com/assets/e5/5c/34/2c/f1/shield_2of2_white.stl,5.0,77.7908,6.47659e-05,23.2445,1,8.0,12.496000289916992,6.02073,220.893,1.5708,,SIMPAD17,1162,9.54632,3.31219,841122.png,1.5708,841122.json,10.0
"['hex', 'screw', 'star', 'toy']",0.0362582,25.600000381469727,2.61013,24653.0,2013-05-17T10:57:11,SCREW TOY ,1,1,,2.96848,toys-and-games,1.52266,,1377.01,0.0713097,1,0.23184,1,6.0,Attribution - Non-Commercial - No Derivatives,36.0,0.0339867,18991,3.0,200081.stl,1.00001,2,19.60955047607422,,26.145503997802734,90302,,-52.45798110961914,0.0054298,0.00632413,3.27894,6.21657,0.067274,1,-52.42879867553711,4.99336,,6.0,,,https://thingiverse-production-new.s3.amazonaws.com/assets/68/8d/23/65/68/SCREW_STAR_Small.stl,5.0,3.7915,1.73071e-07,0.111056,1,7.0,19.49736213684082,5.99937,4.10365,0.0969623,,hiroaki_nishimura,37978,0.0334963,0.0100034,200081.png,0.195514,200081.json,8.0
"['4-8-8-4', 'Locomotive', 'railroad', 'scale_model', 'Steam_Locomotive', 'steam_train', 'Union_Pacific']",0.919548,2.908172369003296,10.7536,624.637,2014-02-27T19:59:32,4-8-8-4 Big Boy Locomotive ,1,1,,1.57089,models,2.88114,,891.962,0.538713,1,1.5708,1,6.0,Creative Commons - Attribution,56.0,0.0376985,487,4.0,472016.stl,1.36603,2,4.233330726623535,,3.7931389808654785,259005,,3.408315896987915,0.112712,,35.4212,38.9087,1.83972,1,4.024820327758789,35.4213,vehicles,6.0,,,https://thingiverse-production-new.s3.amazonaws.com/assets/93/36/bc/ef/bc/CrossHead_Pin.STL,5.0,39.1237,0.00115258,1.83972,1,6.0,4.233330726623535,5.97536,21.0401,1.5708,,MakerBot,970,1.83971,0.427284,472016.png,1.5708,472016.json,7.0
"['balloon', 'whistle_goes_wooo_WOOOO']",2.61645,-18.53553009033203,2.35264,1425660000000.0,2013-02-06T07:40:02,Balloon Powered Turbine ,1,1,1,3.14159,toys-and-games,1.28538,9,10178.0,0.365935,1,1.5708,1,6.0,Creative Commons - Attribution - Share Alike,26.0,0.0537152,1943,3.0,128336.stl,1.00885,-2,13.82030963897705,,-17.777849197387695,47565,,10.456009864807129,0.239914,2.38308e-06,6.30055,98.0054,5.1724,1,11.379240036010742,23.7522,mechanical-toys,7.0,,,https://thingiverse-production-new.s3.amazonaws.com/assets/1d/ca/8d/0d/b2/turbinehousing_repaired.stl,5.0,77.3212,,12.1542,,8.0,12.949769973754883,6.00618,885363000.0,0.585467,34,petropixel,3890,1.50674,0.502881,128336.png,1.57079,128336.json,8.0
"['gyroscope', 'walking_toy']",0.497518,14.336814880371094,5.3225,1786.58,2015-04-11T01:58:30,Gyroman ,1,1,,2.5571,toys-and-games,5.3002,,5029.91,0.157866,1,1.50444,1,6.0,Creative Commons - Attribution - Share Alike,10.0,0.0278865,5055,4.0,1228198.stl,1.19288,,,,15.984883308410645,766501,,2.670837640762329,0.0407965,1.66326e-05,5.36588,10.9992,0.280707,1,3.4746546745300293,5.43025,mechanical-toys,6.0,,,https://thingiverse-production-new.s3.amazonaws.com/assets/d7/bf/2f/94/a7/foot.STL,6.0,20.652,0.000330387,1.14178,1,6.0,,6.0,8.56391,0.11364,,LoboCNC,10110,0.0415431,0.0410702,1228198.png,0.113678,1228198.json,7.0
"['3D', 'prototype', 'typeface']",0.535384,19.239837646484375,7.84764,8294990.0,2014-06-18T22:33:48,Next Level Sheet: 3d Printable Typeface ,1,1,,2.22485,art,4.25698,,10159.4,0.219605,1,1.90121,1,6.0,Creative Commons - Attribution - Share Alike,47.0,0.0110918,9490,3.0,636796.stl,1.01362,2,27.04840087890625,,22.785552978515625,367262,,31.992237091064453,0.0852861,0.000384581,15.0939,54.0702,1.3737,1,32.001529693603516,29.9991,signs-and-logos,6.0,,,https://thingiverse-production-new.s3.amazonaws.com/assets/bf/fd/ad/e6/00/G.stl,5.0,37.8193,1.16775e-05,1.89885,1,7.0,20.452848434448242,5.99874,1578.13,0.0322156,,9999NYC,18976,0.655012,0.278083,636796.png,1.17398,636796.json,8.0
"['clock', 'escapement', 'Gear', 'handle', 'mechanical', 'Planetary_Gear', 'printable', 'pulley', 'screw', 'spring', 'winding']",1.22851,-1.113328218460083,2.71589,31.6807,2014-05-12T07:11:15,3D printed mechanical Clock with Anchor Escapement ,1,1,,1.5708,3d-printing,1.42989,,1380.85,0.481019,1,1.5708,1,6.0,Creative Commons - Attribution - Share Alike,9.0,5.55112e-17,560,4.0,591221.stl,1.14245,-2,-21.0,,-0.30985382199287415,328569,,0.9536157250404358,0.380938,,4.40657,31.3345,1.52772,1,3.524017095565796,12.7266,,6.0,,,https://thingiverse-production-new.s3.amazonaws.com/assets/7a/c5/61/f6/59/Clock_Face_Hand_Second.stl,6.0,40.3097,0.0262368,2.54683,1,6.0,-21.0,6.02143,5.09389,1.5708,,TheGoofy,1124,0.783965,0.588001,591221.png,1.5708,591221.json,6.0
"['cryptex', 'LulzBot', 'puzzel', 'puzzle', 'toy']",2.50137,-9.946840286254883,5.79806,120555.0,2012-12-08T12:09:54,Mini Programable Cryptex ,1,1,,1.60023,toys-and-games,5.46956,,1730.95,0.557862,1,1.5708,1,5.0,Creative Commons - Attribution - Share Alike,19.0,0.0253952,346,3.0,105692.stl,1.05981,,,,-2.3931565284729004,37084,,9.709418296813965,0.226011,,23.5888,93.6011,2.84154,1,12.136773109436035,40.8624,puzzles,6.0,,,https://thingiverse-production-new.s3.amazonaws.com/assets/77/f4/fb/90/5a/mini_spacer_ring.stl,5.0,33.1873,0.000414213,17.926,1,7.0,,6.0,479.963,1.5708,,richards,692,1.73507,1.39391,105692.png,1.5708,105692.json,12.0
"['architecture', 'Cathedral', 'design_week', 'duomo', 'makerbot', 'milan', 'milano', 'sketchup', 'wefab', 'wilcox']",5.81026,7.292175769805908,4.17596,11516.1,2012-04-19T05:41:04,Duomo di Milano ,,,20,3.14159,models,1.82688,1067,22113.9,0.778803,30,1.68464,,6.0,Creative Commons - Attribution - Share Alike,56.0,0.260451,1851,2.0,67050.stl,1.00346,127,12.433730125427246,56,7.973291873931885,21637,,29.363420486450195,0.144668,,11.8157,48.9815,13.671,,30.325180053710938,32.3339,buildings-and-structures,6.0,,11,https://thingiverse-production-new.s3.amazonaws.com/assets/e3/e6/14/15/09/duomo.stl,5.0,218.736,,21.8736,,8.0,12.300849914550781,5.97515,63.7392,1.5708,6452,WeFab,3806,5.48533,0.926638,67050.png,1.5708,67050.json,9.0
"['atom', 'bohr', 'chemistry', 'customizer', 'electron', 'electron_configuration', 'gimbal', 'periodic_table', 'physics']",0.301121,-17.0,1.30545,528050000000000.0,2013-07-08T14:53:23,Customizable Atom Deluxe (every element preconfigured) ,1,1,,3.14159,learning,1.21232,6,34023.1,0.128905,6,1.43627,1,6.0,Creative Commons - Attribution,139.0,0.0644775,56478,3.0,331778.stl,1.00105,-16,3.0,,-16.863399505615234,114247,,-1.5238699913024902,0.00762286,0.000286287,2.55495,19.8993,0.430741,1,,11.4548,physics-and-astronomy,6.0,,,https://thingiverse-production-new.s3.amazonaws.com/assets/cb/18/7c/f8/d1/038_-_Sr_-_Strontium.stl,6.0,53.3487,8.34318e-17,1.17753,,6.0,1.4761300086975098,6.0017,24368100000.0,0.0897154,18,roman_hegglin,112988,0.0158457,0.0130232,331778.png,0.0899463,331778.json,6.0
"['beach', 'bucket', 'grovel', 'holiday', 'kids', 'mold', 'pail', 'park', 'play', 'playset', 'Play_Set', 'rake', 'Sandbox', 'sandcastle', 'sand_sculpture', 'scoop', 'sea', 'shovel', 'sieve', 'sifter', 'strainer', 'Summer', 'toy', 'toys', 'vacation']",1.46935,129.63900756835938,2.4905,8035030.0,2015-07-03T09:12:50,3D-printable sand play set ,1,1,5,3.14159,toys-and-games,1.44292,23,22416.5,0.408652,1,1.5708,1,6.0,Creative Commons - Attribution - Share Alike,40.0,0.0214649,7628,3.0,1436276.stl,1.00179,,9.789999961853027,,130.02000427246094,909118,,9.833999633789062,0.00649708,,5.921,130.753,1.06101,1,9.958999633789062,25.8539,playsets,6.0,,,https://thingiverse-production-new.s3.amazonaws.com/assets/7f/4a/2b/2e/43/3D-printable_sand_play_set_Rake_By_CT3D.xyz_.stl,5.0,442.27,,4.5,,7.0,8.942000389099121,6.0,2466.71,0.419125,60,CreativeTools,15256,0.253258,0.0398746,1436276.png,1.5708,1436276.json,9.0
"['futur', 'makerbot', 'moto']",0.639663,47.5063591003418,2.10658,3464.29,2013-01-09T21:10:23,croco-bike 2040 ,1,1,,2.50783,models,1.2943,,173.988,0.553895,1,1.94822,1,6.0,Creative Commons - Attribution - Share Alike,9.0,0.186655,138,3.0,116070.stl,1.00581,2,78.4899673461914,,47.72385025024414,41206,,-84.49883270263672,0.193069,2.31091e-05,3.54239,11.5938,1.6689,1,-83.44281768798828,5.2679,vehicles,6.0,2.0919e-14,,https://thingiverse-production-new.s3.amazonaws.com/assets/d4/19/bf/f9/62/embout.stl,5.0,1.7072,0.00529014,1.66892,1,7.0,77.77925872802734,5.91304,21.0423,1.55789,,Gab_9,272,0.989397,0.373762,116070.png,1.57081,116070.json,8.0
"['3D', 'CNC_Machine', 'featured', 'reprap']",14.9343,,4.34328,1105280.0,2011-12-16T08:23:38,Part-Y ,1,1,,1.5708,3d-printing,2.31501,,8363.19,0.590919,1,1.5708,1,5.0,Creative Commons - Attribution - Share Alike,33.0,,268,3.0,48416.stl,1.05849,-12,11.0,,,14682,,,3.24468,,18.059,96.923,27.1935,1,44.0,45.5021,3d-printers,6.0,,,https://thingiverse-production-new.s3.amazonaws.com/assets/e4/38/51/01/09/x_motor_bracket.stl,5.0,352.824,0.00807467,51.2431,1,7.0,,6.26866,4112.45,1.5708,,joaedl,560,13.7978,3.47644,48416.png,1.5708,48416.json,11.0
"['android', 'arduino', 'autonomous', 'battery', 'biped', 'Lipo', 'PrintBot', 'printed', 'Programmable', 'robot', 'tablet', 'Walker']",29.5482,-33.562400817871094,2.53019,17504900.0,2012-10-22T11:13:33,ROFI bipedal robot ,,,,3.14159,hobby,1.37959,,8923.55,0.683105,1,1.5708,,7.0,Creative Commons - Attribution - Non-Commercial,16.0,,129,4.0,103081.stl,1.02247,-22,6.24087381362915,,-14.223999977111816,32048,,-25.072519302368164,4.93545,,5.8731,3767760.0,70.7684,1,-25.07090950012207,684.855,robotics,8.0,,,https://thingiverse-production-new.s3.amazonaws.com/assets/0e/2c/2c/84/df/body_strut_v3.stl,6.0,208.142,0.00245364,137.16,,9.0,3.1928770542144775,7.02326,502819.0,1.5708,,jdow,302,33.9581,14.5161,103081.png,1.5708,103081.json,10.0
"['mold', 'molds', 'snow', 'snowman', 'snowmen', 'snow_mold']",4.85106,171.0,1.26832,21317100.0,2015-02-10T13:16:17,Snowman maker (add two ball snowman) ,1,1,,2.09459,models,1.21049,,218075.0,0.14045,1,1.5708,1,6.0,Creative Commons - Attribution - Share Alike,133.0,0.0287987,22469,3.0,1097847.stl,1.00171,-8,5.000002861022949,,185.0,675620,,,1.62205,2.45644e-06,8.00362,172.146,8.78119,1,0.008530914783477783,72.3267,props,6.0,,,https://thingiverse-production-new.s3.amazonaws.com/assets/f5/92/24/ba/0d/two_ball_snowman_female.STL,6.0,14839.2,0.000160716,8.84877,1,6.0,5.000002861022949,6.00214,1095.78,0.0348069,,CloudJ,44954,3.34519,2.23596,1097847.png,0.0349949,1097847.json,6.0
"['Castle', 'construction_kit', 'LEGO', 'openscad', 'toy']",4.80369,-32.0,4.14034,164759.0,2012-09-27T13:25:29,Modular castle kit - Lego compatible ,,,,3.14159,toys-and-games,2.07664,747,47883.2,0.603997,25,1.5708,,5.0,Attribution - Non-Commercial - Share Alike,37.0,0.203616,5022,3.0,91284.stl,1.01127,38,60.798004150390625,,-16.0,31284,,,0.447223,,7.4381,48.5327,1.76751,1,15.998001098632812,22.9894,construction-toys,6.0,,,https://thingiverse-production-new.s3.amazonaws.com/assets/dd/ce/b4/77/cc/castle-tower_floor_legobase.stl,5.0,409.6,0.00518624,6.7574,,7.0,35.198001861572266,5.9546,161.496,1.5708,2612,danielkschneider,9968,1.1676,0.448837,91284.png,1.5708,91284.json,9.0
"['box', 'container', 'gift', 'Heart', 'puzzle', 'valentine', 'wedding']",1.09964,-33.8494987487793,1.43774,9891050.0,2012-10-21T14:46:10,Hollow impossible heart ,1,1,,3.14159,toys-and-games,1.27901,3,11528.6,0.145513,1,1.44002,1,6.0,Attribution - Non-Commercial - Share Alike,211.0,0.0191995,5244,3.0,94669.stl,1.0004,2,0.5660629868507385,,-33.52349853515625,32053,,1.073259949684143,0.292947,0.0054207,1.66718,162.964,1.46721,1,1.4497100114822388,27.1012,puzzles,6.0,,,https://thingiverse-production-new.s3.amazonaws.com/assets/5a/08/9a/ba/03/impossible_hollow_ww_3.stl,6.0,549.835,8.33906e-09,1.93255,,7.0,0.125,5.99771,2228.92,0.0494539,6,mowi,10484,0.886415,0.48349,94669.png,0.100206,94669.json,7.0
"['animals', 'dining', 'elephant', 'fun', 'household', 'napkin_ring', 'useful', 'vintage']",7.77889,41.635250091552734,6.28341,7516.56,2012-09-28T00:08:09,Zookins - Animal Napkin Rings ,,,,2.39988,household,3.69978,,9007.95,0.558499,1,1.5708,,6.0,Creative Commons - Attribution - Share Alike,21.0,1.00747e-15,578,2.0,91207.stl,1.11323,-2,10.0,3,41.6898193359375,31313,,-13.522040367126465,1.99771,,17.5158,173.214,17.7762,,-13.31326961517334,71.7392,kitchen-and-dining,6.0,,,https://thingiverse-production-new.s3.amazonaws.com/assets/5a/3d/5a/9f/58/zookins-turtle.stl,5.0,94.5001,0.00469916,23.4947,,7.0,1.1198799943172436e-16,6.01384,55.6837,1.5708,,gwygonik,1158,8.86703,5.04549,91207.png,1.5708,91207.json,8.0
"['engine', 'jet', 'makerbot', 'model', 'PLA', 'printoberMB', 'replicator', 'robot', 'rocket', 'sci_fi', 'space', 'Space_Engine', 'supportless', 'toy']",0.0205572,6.826316833496094,1.34223,112.214,2012-10-31T22:19:53,Rocket Engine Power ! ,1,1,,1.5708,hobby,1.22386,,580.535,0.0865373,8,0.154085,1,6.0,Creative Commons - Attribution,82.0,0.0509212,14136,4.0,96775.stl,1.01429,16,1.5,,6.83970308303833,33509,,1.0307650566101074,0.00665609,7.82431e-06,2.2095,6.84974,0.0564668,1,1.2306959629058838,4.04517,robotics,6.0,,,https://thingiverse-production-new.s3.amazonaws.com/assets/21/b7/8d/26/f7/Bolt_Cap_Set_.STL,6.0,0.300233,0.000514504,0.121812,1,6.0,,5.99321,2.50751,0.076472,,naveod,28240,0.0141374,0.0112053,96775.png,0.0765429,96775.json,7.0
"['3D', 'costume', 'halloween', 'makerbot', 'replica', 'sith', 'star_wars', 'trick-or-treat']",19.0717,-137.62002563476562,4.37521,85.056,2012-10-27T04:36:47,Darth Vader - Chest plate and Belt ,1,1,,1.67552,fashion,1.81747,,1144.3,0.827478,1,1.5708,1,6.0,Creative Commons - Attribution - Share Alike,7.0,1.46608,32,4.0,95812.stl,1.04792,2,-8.907238006591797,,-137.31837463378906,33214,,119.96086120605469,5.31777,,22.5042,82.8035,69.9357,1,126.47652435302734,74.5828,costume,6.0,,,https://thingiverse-production-new.s3.amazonaws.com/assets/3b/8b/79/0e/c1/Darth_Vador_long_light_top.stl,5.0,78.1026,0.773754,76.0508,1,7.0,-8.907238006591797,5.625,18.6873,1.5708,,ajolivette,60,18.7373,10.1491,95812.png,1.5708,95812.json,7.0
"['22re', '22_re', '4runner', 'auto', 'automobile', 'Automotive', 'awesome', 'cool', 'crankshaft', 'cylinder', 'cylinders', 'educational', 'engine', 'fan', 'Gear', 'gears', 'model', 'motor', 'pickup', 'piston', 'pistons', 'rotating', 'rotational', 'scale', 'scaled', 'toyota', 'valve', 'valves']",0.372667,-1.1859893798828125,2.43326,232004000000.0,2015-01-22T22:52:43,Toyota 4 Cylinder Engine 22RE Complete working model ,1,1,,3.14159,toys-and-games,1.43813,229,127329.0,0.135713,1,0.362801,,6.0,Creative Commons - Attribution - Non-Commercial,50.0,0.069418,170824,3.0,1041432.stl,1.0,-11,95.61799621582031,,-1.1039886474609375,644933,,-74.00199890136719,0.00256006,0.0193484,7.05707,86.9999,0.391039,1,-73.94999694824219,30.294,mechanical-toys,6.0,,,https://thingiverse-production-new.s3.amazonaws.com/assets/a7/02/46/8f/ac/22RE_Block_-_No_Support_-_Scaled.stl,5.0,289.316,1.81468e-06,1.08271,,7.0,95.51799011230469,6.00039,2316950.0,0.14312,1163,ericthepoolboy,341670,0.0684971,0.00978223,1041432.png,0.185688,1041432.json,8.0
"['animals', 'books', 'book_characters', 'carla_diana', 'design', 'LEO_the_Maker_Prince', 'miniatures', 'sculpture', 'sheep']",0.113771,41.5341796875,2.90862,31139.4,2013-12-07T19:17:20,Carla and LEO&#039;s Sheep ,1,1,,2.56585,models,1.47248,,5623.69,0.0794633,7,0.203913,1,6.0,Creative Commons - Attribution - Non-Commercial,13.0,0.00146478,24729,3.0,416558.stl,1.00001,14,15.349846839904785,,41.87447738647461,198236,,15.289681434631348,0.0110653,6.37607e-05,3.69905,7.2303,0.329825,1,15.52835750579834,5.83704,animals,6.0,,,https://thingiverse-production-new.s3.amazonaws.com/assets/3f/8f/8b/83/d6/sheep_blackParts_upright.stl,5.0,5.12192,2.46439e-06,0.47069,1,7.0,15.096395492553711,5.9966,5.17201,0.0467413,,leothemakerprince,49430,0.0951077,0.0527748,416558.png,0.178377,416558.json,8.0
"['household', 'lamp', 'lighting', 'spot', 'stylish', 'useful']",21.6244,-49.900001525878906,9.58082,762049.0,2012-02-18T19:27:54,The eternal sunshine of the turret spot ,1,1,,2.54466,None,4.93868,,41259.4,0.481642,1,1.5708,1,5.0,GNU - GPL,127.0,0.00144694,940,3.0,57809.stl,1.00509,-14,,,-49.80149841308594,17774,,-3.1332499980926514,1.9718,,27.2202,506.71,47.6754,1,3.1332499980926514,114.784,None,6.0,,,https://thingiverse-production-new.s3.amazonaws.com/assets/d3/b1/d5/82/19/base.stl,5.0,399.707,0.00706493,109.717,1,7.0,,6.08936,1325.56,0.804249,,Lanthan,1908,30.8323,8.30234,57809.png,1.5708,57809.json,8.0
"['inchworm', 'pippo', 'toy']",0.184271,-26.91937828063965,1.27959,56220000.0,2013-07-21T21:01:41,Wheeled Inchworm ,,1,,3.13398,toys-and-games,1.22232,,27059.5,0.0630376,7,0.0749525,1,6.0,Creative Commons - Attribution - Share Alike,83.0,0.031095,73457,2.0,250041.stl,1.00011,11,18.151826858520508,46,-25.64449691772461,121456,,6.489841938018799,0.0327388,0.0017179,1.41465,12.826,0.32962,1,6.489841938018799,3.85909,,6.0,,,https://thingiverse-production-new.s3.amazonaws.com/assets/ca/31/57/3b/77/inchworm_body.stl,6.0,55.2123,1.37505e-06,0.531755,,6.0,16.801876068115234,5.99785,399.877,0.0588057,57,someandy,146846,0.076674,0.0518489,250041.png,0.0623249,250041.json,7.0
"['Action_Figure', 'anime', 'ModioChallenge', 'sword', 'toy', 'weapon']",3.84021,-63.00697326660156,2.61254,7572400.0,2014-10-09T03:45:48,Omnis Terra ,1,1,,2.63652,toys-and-games,2.08745,,4016.85,0.5494,2,1.5708,1,5.0,Creative Commons - Attribution - Non-Commercial,21.0,2.63463e-05,521,3.0,814666.stl,1.00051,-2,-0.0010000000474974513,,-57.49700164794922,492429,,-3.6659998893737793,0.625337,,9.90397,436.819,9.57799,1,2.912163019180298,93.9634,construction-toys,7.0,,,https://thingiverse-production-new.s3.amazonaws.com/assets/e8/46/a4/ad/f0/Last_Judgement_Sword_Blade_yellow.stl,5.0,60.5172,5.42006e-07,14.1075,1,8.0,-0.0010000000474974513,6.02303,8580.28,1.52164,,SIMPAD17,1046,4.23219,2.17944,814666.png,1.5708,814666.json,10.0
"['hex_wrench', 'holder', 'parametric', 'part', 'upgrade', 'x-acto']",3.3916,0.8261433243751526,9.20439,140009.0,2011-12-02T01:16:25,X-Acto Knife/Hex Wrench Holder ,1,1,,1.57233,None,6.65286,,4259.85,0.544378,1,1.5708,1,5.0,Attribution - Non-Commercial - Share Alike,32.0,,618,4.0,46522.stl,1.19137,-10,5.0,,20.954999923706055,14188,,11.296699523925781,0.69964,,19.9121,89.2882,3.92295,1,13.454999923706055,47.8972,None,6.0,,,https://thingiverse-production-new.s3.amazonaws.com/assets/df/82/1c/8f/54/Hex_Wrench_and_X-Acto_Knife_Holder.STL,5.0,173.171,0.00640735,6.28659,1,7.0,5.0,6.09709,291.594,1.5708,,Indigojin,1256,2.31866,0.980741,46522.png,1.5708,46522.json,9.0
['scissor'],1.76767,23.225799560546875,12.8808,7920090.0,2013-06-25T20:11:06,Scissor lift ,1,1,,1.5708,hobby,5.22858,,1371.71,0.450273,1,1.5708,1,5.0,Creative Commons - Attribution,38.0,0.120222,382,4.0,416684.stl,1.34413,-6,6.0,,26.28827667236328,108834,,2.4913129806518555,0.381627,,27.2512,300.599,1.19603,1,6.436395645141602,104.965,diy,6.0,,,https://thingiverse-production-new.s3.amazonaws.com/assets/50/75/ec/21/6d/endstopholder.STL,5.0,105.0,0.0015373,2.92905,1,6.9,6.0,6.09424,17207.7,0.787203,,Ralf,776,0.806163,0.600686,416684.png,1.5708,416684.json,12.0
"['origami', 'TinkerCAD']",8.17187,0.8290205001831055,6.21534,280721.0,2013-01-02T03:29:36,Origami Crane ,1,1,,3.00793,models,2.86166,,1618.03,0.683131,1,2.27029,1,5.0,Creative Commons - Attribution - Share Alike,13.0,0.00065651,101,3.0,113342.stl,1.02653,2,72.30673217773438,,0.8733094930648804,39992,,-4.080961227416992,0.0841184,2.79554e-05,39.6317,2001.86,16.8649,1,-3.8949620723724365,328.794,animals,7.0,2.76559e-08,,https://thingiverse-production-new.s3.amazonaws.com/assets/04/9f/bd/a9/bc/crane_head.stl,4.0,103.471,0.00027024,70.9735,1,9.0,72.10247039794922,5.88119,1729.8,1.57027,,lili_czarina,198,5.28425,0.939711,113342.png,1.92499,113342.json,11.0
,9.0021,56.13920593261719,1.72498,546.524,2013-01-16T00:19:56,Solar Powered Stereo v2 ,1,1,,1.5708,hobby,1.57758,,12242.9,0.282128,1,1.5708,1,6.0,Creative Commons - Attribution - Share Alike,18.0,0.0934086,672,4.0,118675.stl,1.21946,-8,1.2071068286895752,,56.31776809692383,42586,,35.0,0.084082,1.45424e-06,1.95498,56.3309,6.30358,1,35.709693908691406,33.8874,music,6.0,,,https://thingiverse-production-new.s3.amazonaws.com/assets/11/0d/95/4f/f7/Divider_Plate.stl,6.0,1151.88,0.0481492,13.9248,1,6.9,1.0,6.07143,12.8335,0.261808,,OpenSourceClassroom,1360,0.588443,0.0940722,118675.png,1.5708,118675.json,7.0
"['3D', 'art', 'Gear', 'gears', 'gear_mashup', 'makerbot', 'multi-part', 'openscad', 'parametric', 'rotating_gear', 'toy']",0.441992,3.733330011367798,3.45737,2882300000000000.0,2013-08-14T07:44:46,PLA Gear Kit ,1,1,20,3.14159,art,1.39246,28,1389.62,0.371811,2,1.5708,1,6.0,Creative Commons - Attribution - Share Alike,21.0,0.168488,1576,3.0,281458.stl,1.00275,4,3.579629898071289,,4.967740058898926,130890,,-10.5,0.0300369,9.60925e-06,10.7693,158.032,1.56692,1,-9.0,34.0376,math-art,7.0,,,https://thingiverse-production-new.s3.amazonaws.com/assets/2c/f7/75/df/16/pins_2.stl,5.0,6.43392,,2.68124,,8.0,3.049999952316284,5.98477,3714320000000.0,0.631116,202,whpthomas,3144,0.328428,0.0986413,281458.png,1.39811,281458.json,9.0
,1.31075,4.056763172149658,2.81745,33033.9,2015-06-23T12:39:09,Maker Studio Gears Set ,1,1,,1.57586,toys-and-games,2.09759,,1942.54,0.576214,1,1.5708,1,6.0,Creative Commons - Attribution - Non-Commercial,25.0,,733,4.0,1681119.stl,1.00984,-8,,,5.942343711853027,872140,,7.111683368682861,0.365551,,15.5632,59.4224,2.43317,1,10.365862846374512,21.6973,construction-toys,6.0,,,https://thingiverse-production-new.s3.amazonaws.com/assets/53/9c/31/d7/4c/Small_Gear_ThinkFun_Maker_Studio.STL,5.0,19.9024,0.00513321,2.85945,1,7.0,,6.06548,70.8864,1.5708,,ThinkFun,1482,2.29189,1.01341,1681119.png,1.5708,1681119.json,10.0
,56.9924,-8.090867042541504,3.59297,161962000000000.0,2012-10-31T15:15:05,Lamp ,1,1,,3.05621,household,1.93458,,56992.4,0.494851,1,1.66574,1,5.5,Creative Commons - Attribution,33.0,0.196343,496,3.0,96574.stl,1.00508,-4,-0.011582893319427967,,26.932512283325195,33487,,-29.792739868164062,0.483238,9.12261e-06,14.3969,673.732,200.107,1,,100.36,decor,6.0,,,https://thingiverse-production-new.s3.amazonaws.com/assets/64/9b/5f/5b/f9/lamp.stl,5.0,466.642,1.23985e-07,255.648,,7.0,-0.011845712549984455,6.04839,242971000000.0,0.730094,4,bogohack,1000,89.8589,3.34065,96574.png,1.60737,96574.json,8.25
"['4-8-8-4', 'Locomotive', 'railroad', 'scale_model', 'Steam_Locomotive', 'steam_train', 'Union_Pacific']",35.7104,4.514217376708984,9.36496,38535.0,2014-02-27T19:59:32,4-8-8-4 Big Boy Locomotive ,1,1,,1.60832,models,2.75227,,100060.0,0.325623,1,1.60459,1,6.0,Creative Commons - Attribution,14.0,0.00437481,1401,3.0,472025.stl,1.01154,,94.30570220947266,,4.514217376708984,259005,,4.017233848571777,4.01103,1.89771e-05,31.1547,138.517,50.1161,1,10.36721420288086,63.3962,vehicles,7.0,,,https://thingiverse-production-new.s3.amazonaws.com/assets/32/ac/84/83/1e/Boiler_Section_4-_SCALED-2.STL,5.0,3075.5,0.00210855,64.876,1,8.0,63.56290054321289,6.0,94.4696,0.0164605,,MakerBot,2802,37.8347,25.2632,472025.png,1.57346,472025.json,8.0
"['Artec', 'bones', 'dinosaur', 'makerbot', 'scan', 'skull']",0.133028,-41.58177185058594,1.29414,4113570.0,2011-12-01T15:00:15,Tarbosaurus skull; sliced for printing ,1,1,,3.1377,None,1.11426,,15417.1,0.170241,6,0.528322,1,6.0,Creative Commons - Attribution - Share Alike,13.0,0.102868,57945,3.0,46460.stl,1.0,-2,31.345460891723633,,-40.87685012817383,14173,,-44.678428649902344,0.0503468,0.0462578,1.68556,3.75034,0.28031,1,-44.24774932861328,2.53262,None,7.0,,,https://thingiverse-production-new.s3.amazonaws.com/assets/f4/ef/47/ad/e1/tarbosaurus_bottom_back.stl,5.0,5.71302,1.93807e-08,0.370789,,7.0,30.851070404052734,6.00021,83.1802,0.196873,39,gpvillamil,115894,0.170949,0.0945439,46460.png,0.353855,46460.json,8.0
"['hypotrochoid', 'spirograph', 'toy']",2.54262,-158.773681640625,2.41999,1017710.0,2014-02-17T20:00:02,41 Piece Spirograph ,1,1,,2.45302,toys-and-games,1.66748,,10984.1,0.65017,1,1.5708,1,6.0,Creative Commons - Attribution - Share Alike,12.0,0.0235947,2160,3.0,462547.stl,1.08495,,1.5590519905090332,,-157.91517639160156,252162,,-69.57713317871094,0.989422,,7.31497,280.89,4.3761,1,-68.73858642578125,66.5992,,7.0,,,https://thingiverse-production-new.s3.amazonaws.com/assets/3d/40/65/2a/7e/Ring6mm.stl,5.0,52.9809,0.0164482,6.61624,1,8.0,-1.4409420490264893,6.0,924.596,1.5708,,Hercemer,4320,1.92704,1.7655,462547.png,1.5708,462547.json,8.05
"['clock', 'desk_clock', 'divers_watch', 'watch']",1.58808,-53.78620147705078,1.46577,1465200.0,2015-01-03T03:18:06,Large scale Divers watch desk clock ,1,1,,3.14159,gadgets,1.2397,120,4338.65,0.615305,4,1.57954,1,6.0,Creative Commons - Attribution - Non-Commercial,11.0,0.00283532,1372,3.0,996798.stl,1.01253,6,-1.0,,-51.66066360473633,619550,,-25.89151382446289,0.580096,,2.32842,6.14671,2.88993,1,-24.544309616088867,2.77523,,6.0,,,https://thingiverse-production-new.s3.amazonaws.com/assets/7c/6f/23/93/f2/Bezel_ratchet.stl,5.0,4.64223,4.18966e-05,4.36139,,8.0,-1.0,5.97376,3662.52,1.5708,294,francfalco,2732,2.33296,1.55883,996798.png,1.5708,996798.json,8.0
"['car', 'motor', 'spring', 'Spring_Motor', 'toy', 'toy_car', 'windup']",0.40544,-0.006256890948861837,8.13422,259599.0,2014-08-16T02:25:35,PLA Spring Motor; Rolling Chassis ,1,1,,1.5708,toys-and-games,7.96514,,7168.18,0.0563302,1,0.0491023,1,6.0,Attribution - Non-Commercial - Share Alike,34.0,0.0320666,8840,3.0,723901.stl,1.25592,,4.400000095367432,,3.3023340702056885,430050,,-5.005398750305176,0.0740974,7.09515e-06,8.24704,8.2738,0.0770676,1,-4.9942803382873535,8.27196,mechanical-toys,6.0,,,https://thingiverse-production-new.s3.amazonaws.com/assets/45/47/59/1d/35/Wheel_Rear.stl,6.0,80.5666,0.00147766,0.120251,1,6.0,4.400000095367432,6.0,41.164,0.0490789,,gzumwalt,17680,0.0768069,0.0758317,723901.png,0.0490986,723901.json,6.0
"['apeture', 'gun', 'insane', 'portal', 'prop']",1.12018,-6.304129123687744,9.0246,4636.55,2012-06-30T22:09:29,Full Scale Portal Gun ,1,1,,2.02458,models,4.00379,,2144.02,0.430349,2,1.5708,1,6.0,Creative Commons - Attribution - No Derivatives,41.0,0.0854849,961,4.0,77932.stl,1.00064,4,-145.8327178955078,,3.7972140312194824,26027,,158.97750854492188,0.357753,5.17818e-06,11.5842,38.5548,2.41514,1,158.97750854492188,23.4834,props,6.0,,,https://thingiverse-production-new.s3.amazonaws.com/assets/c4/8d/5c/a4/03/Portal_Gun_Black_Body_Slice_8.stl,5.0,57.1355,0.00362516,3.74319,1,6.0,-157.14517211914062,5.97503,20.5939,0.785138,,pleppik,1914,1.41038,0.643048,77932.png,1.57079,77932.json,7.0
"['hypotrochoid', 'spirograph', 'toy']",2.12083,-176.78817749023438,2.60287,734651000.0,2014-02-17T20:00:02,41 Piece Spirograph ,1,1,,1.5708,toys-and-games,2.34464,,6812.12,0.59139,1,1.5708,1,6.0,Creative Commons - Attribution - Share Alike,34.0,,1572,3.0,462538.stl,1.01204,-34,1.5590519905090332,,-170.1260528564453,252162,,-4.847076416015625,0.248888,,35.3672,894.327,4.48286,1,-2.9024505615234375,198.798,,7.0,,,https://thingiverse-production-new.s3.amazonaws.com/assets/2a/85/74/27/f8/Gear27mm.stl,5.0,103.504,0.0030575,6.66869,1,8.0,0.06045198440551758,6.12977,388822.0,1.5708,,Hercemer,3212,1.81609,0.949425,462538.png,1.5708,462538.json,9.0
"['dualstrusion', 'dual_strusion', 'openscad']",27.3082,11.75,2.35097,14.4055,2012-04-07T12:52:11,Decorated Box ,1,1,,2.44685,household,1.22427,,3604.68,1.2852,16,2.35619,1,4.0,Creative Commons - Attribution,6.0,1.5708,98,3.0,65585.stl,1.16662,32,29.592599868774414,,13.25,20976,,9.787039756774902,4.5,,4.95824,10.269,91.3817,1,15.786999702453613,6.87878,containers,5.0,,,https://thingiverse-production-new.s3.amazonaws.com/assets/b9/bc/dc/42/3f/pascal.stl,3.0,449.999,3.75,98.0,1,5.0,23.592599868774414,4.04082,3.47221,1.5708,,pmoews,132,18.0,10.5,65585.png,2.35619,65585.json,5.0
"['22re', '4runner', '4wd', '4_wheel', '5_speed', 'Automatic', 'Clutch', 'gears', 'manual', 'pickup', 'toyota', 'transmission', 'w56']",0.212694,0.26346346735954285,1.24552,5148.01,2015-03-09T00:21:57,Working 5 speed transmission model for Toyota 22RE engine ,1,1,,1.79543,toys-and-games,1.20898,,738.05,0.11749,1,0.102837,1,6.0,Creative Commons - Attribution - Non-Commercial,12.0,0.0583277,1735,4.0,1146183.stl,1.05309,,8.296775817871094,,0.32310816645622253,713815,,1.5431489944458008,0.102911,2.06092e-06,1.61161,13.1427,0.195881,1,1.5545215606689453,3.09906,mechanical-toys,6.0,,,https://thingiverse-production-new.s3.amazonaws.com/assets/5e/91/99/e5/5f/Shifter_ball_top_-_Scaled.stl,6.0,2.19507,0.000247883,0.495426,1,6.0,,6.0,7.17318,0.0727849,,ericthepoolboy,3470,0.188129,0.155714,1146183.png,0.0744537,1146183.json,6.0
"['architecture', 'arc_de_triomph', 'building', 'cathedrale', 'city', 'Eiffel_Tower', 'mini', 'montmartre', 'paris', 'pyramid', 'triumphal_arch']",0.0209204,6.935000419616699,1.20343,308832000.0,2014-04-28T11:38:40,Famous Paris buildings ,1,1,,1.4635,models,1.10419,,7282.98,0.127966,1,0.391238,1,6.0,Creative Commons - Attribution - Share Alike,23.0,0.0900354,174066,3.0,551021.stl,1.00001,2,34.987003326416016,,7.110000133514404,311002,,-2.9810001850128174,0.00682955,0.0306946,1.38194,6.29788,0.0248781,1,-2.820000171661377,2.68393,buildings-and-structures,6.0,,,https://thingiverse-production-new.s3.amazonaws.com/assets/f3/8f/de/13/dc/Arc_triomphe.stl,5.0,1.66721,6.833e-07,0.0546444,1,7.0,34.893001556396484,5.99993,1575.99,0.176595,,LeFabShop,348128,0.0137101,0.0099843,551021.png,0.290235,551021.json,8.0
"['3D', 'ABS', 'clock', 'clockathon', 'clockwork_library', 'experiment', 'Gear', 'makerbot', 'MCAD', 'model', 'openscad', 'parametric', 'printable_clock_project', 'test']",3.23238,-37.814998626708984,7.55618,624882000000000.0,2012-02-06T17:37:44,Test Jig from Clockathon #2 - FIXED ,1,1,2,3.14159,None,2.9982,294,13873.4,0.653422,1,1.67549,,5.0,Creative Commons - Attribution - Share Alike,30.0,0.00289191,2008,3.0,56104.stl,1.00449,40,5.5,,-36.57899856567383,17144,,-1.496000051498413,0.42129,,21.7667,1624.29,8.72273,,-1.0290000438690186,202.674,None,7.0,,20,https://thingiverse-production-new.s3.amazonaws.com/assets/37/99/c7/f9/53/3-MinuteGear-NoDrum-OnConcentricShaft.stl,5.0,57.0376,,13.0608,,9.0,,6.23506,570547000000.0,1.5708,462,syvwlch,4292,3.6341,1.40495,56104.png,1.5708,56104.json,11.0
"['clock', 'faceless_clock', 'holo_clock', 'ring_clock']",0.161524,408.5792236328125,1.46342,10742.2,2014-11-30T15:26:12,holo clock ,1,1,,1.87439,household,1.20708,,1189.14,0.187201,1,1.5708,1,6.0,Creative Commons - Attribution - Share Alike,15.0,,3679,4.0,919994.stl,1.00012,-2,-117.7193603515625,,408.71856689453125,570797,,612.0975952148438,0.0157884,,2.7611,145.258,0.430655,1,612.222412109375,5.68619,decor,7.0,,,https://thingiverse-production-new.s3.amazonaws.com/assets/f3/d1/9b/af/e7/motor_gear.stl,5.0,3.2001,0.00181085,0.922172,1,8.0,-117.7193603515625,6.00326,60.6586,5.55112e-17,,ekaggrat,7362,0.126294,0.04997,919994.png,1.5529,919994.json,9.0
,0.0155922,29.799665451049805,1.20993,299.752,2015-02-11T12:32:18,&quot;I Love You&quot; Box ,1,1,,2.05983,None,1.20711,,11207.5,0.132124,1,0.485626,1,6.0,Creative Commons - Attribution,6.0,0.0583325,359992,4.0,1088142.stl,1.00102,,4.0,1196,30.0,676630,,30.0,0.00501684,,1.50411,3.7225,0.0154953,1,30.0,2.48821,None,6.0,,,https://thingiverse-production-new.s3.amazonaws.com/assets/d3/78/25/61/55/letter-g.stl,6.0,6.01004,0.00501665,0.0187625,,6.0,,5.99336,2.27572,0.180618,2386,MakeALot,718788,0.0105679,0.0061725,1088142.png,0.339695,1088142.json,6.0
"['extruder', 're_extruder']",5.49926,1.5875020027160645,3.72806,582414.0,2012-10-19T04:22:57,My version of the LYMAN FILAMENT EXTRUDER ,1,1,,1.5708,3d-printing,3.50389,,13682.2,0.563163,4,1.5708,1,6.0,Creative Commons - Attribution,21.0,,1228,4.0,94482.stl,1.26591,-16,,,6.2201008796691895,32667,,1.5875020027160645,0.736741,,11.8657,135.963,6.60264,1,39.6875,70.072,3d-printer-accessories,6.0,,,https://thingiverse-production-new.s3.amazonaws.com/assets/ff/1c/0f/62/05/feet.stl,5.0,151.209,0.00918499,28.5123,1,8.0,,6.07818,1528.71,1.5708,,bottleworks,2488,3.15798,1.48308,94482.png,1.5708,94482.json,10.0
"['bowl', 'jar', 'openscad', 'receptacle', 'featured', 'honeycomb', 'pot']",2.26573,-49.64699935913086,4.46555,2834020000000.0,2011-10-03T05:59:49,basic receptacles ,1,1,,3.13111,household,1.25852,,55020.9,0.113342,1,0.651217,1,6.0,Creative Commons - Attribution,197.0,0.0397738,12144,3.0,39159.stl,1.02643,2,94.25599670410156,,-49.54903030395508,12120,,,0.374341,2.2156e-05,6.6625,111.872,6.65399,1,3.1173479557037354,14.091,containers,6.0,,,https://thingiverse-production-new.s3.amazonaws.com/assets/4f/73/e7/a9/b4/Pot7.stl,6.0,57.7274,8.92204e-09,6.92551,1,6.0,93.93599700927734,5.99901,357241000.0,0.0623867,,MakeALot,24284,3.17523,0.649294,39159.png,0.24458,39159.json,7.0
"['adam', 'adam_fontenault', 'arduino', 'blatt', 'buttonbot', 'button_bot', 'fontenault', 'Makerfaire', 'MyPetRobot', 'petting', 'pololu', 'PrintBot', 'replicator', 'robot', 'RobotPettingZoo', 'Robot_petting_zoo', 'tamiya', 'Todd', 'todd_blatt', 'toy', 'zenix', 'zoo']",2.32708,27.971920013427734,1.56732,109.463,2012-06-04T11:27:42,Button Bot ,1,1,,1.76002,hobby,1.23718,,17346.1,0.154134,1,0.579217,1,6.0,Creative Commons - Attribution,24.0,0.0668649,3725,4.0,72100.stl,1.00185,-2,12.446279525756836,,28.172609329223633,23696,,-0.7910308837890625,0.306596,0.000232017,2.62186,10.3974,4.5767,1,-0.014602660201489925,8.43073,robotics,6.0,,,https://thingiverse-production-new.s3.amazonaws.com/assets/77/30/9b/18/2e/eyesocketleft.stl,6.0,191.328,0.0146473,7.09082,1,6.0,11.669819831848145,6.00322,3.51072,0.156828,,MakerBot,7454,2.7138,1.27127,72100.png,0.262116,72100.json,7.0
"['AMAO', 'bear', 'bear__Low_poly']",5.58823,-60.53966522216797,2.00417,22713200000.0,2015-07-10T13:52:46,Formosan Black Bear ,1,1,3,3.14159,art,1.31573,,33473.5,0.523246,11,1.57347,,6.0,Attribution - Non-Commercial - No Derivatives,25.0,0.0929824,3011,3.0,1452680.stl,-653474000000000.0,18,20.88359832763672,,-58.44626998901367,919380,,-53.90883255004883,0.313501,2.89617e-13,6.06713,55.4725,4.77346,,-50.70758056640625,27.5473,,6.0,,,https://thingiverse-production-new.s3.amazonaws.com/assets/5d/51/3a/d9/b2/black_bear-all_black.stl,5.0,342.854,,12.8699,,7.0,20.294178009033203,5.96679,-217702000000.0,1.47317,16,amaochan,5990,1.83898,0.72632,1452680.png,1.5708,1452680.json,8.0
"['add-on', 'arm', 'arms', 'blatt', 'customize', 'dual', 'MakerBotTV', 'replicator', 'replicator_upgrade', 'Todd', 'upgrade']",5.27591,24.00278091430664,1.56614,2819750000.0,2012-03-26T18:28:34,Fullsize Makerbot Arms ,1,1,,2.11083,3d-printing,1.22255,,5138.74,0.315205,1,1.5708,1,6.0,Creative Commons - Attribution,19.0,0.159943,489,4.0,63871.stl,1.03307,2,13.930000305175781,,25.291690826416016,19840,,13.194689750671387,0.419446,7.98138e-06,4.15763,34.5099,10.1347,1,23.15468978881836,10.5711,3d-printer-accessories,6.0,,,https://thingiverse-production-new.s3.amazonaws.com/assets/45/7d/f2/be/8c/handtop.stl,5.0,626.002,0.000652143,12.3765,1,7.0,13.930000305175781,5.97546,7679270.0,0.261784,,MakerBot,974,0.864886,0.72952,63871.png,1.49106,63871.json,7.0
"['articulado', 'ball_jointed', 'cool', 'doll', 'jointed', 'printdoll', 'robot', 'wierd']",0.131606,284.9739990234375,1.25522,16617800.0,2015-02-27T13:49:33,BeQui;  Jointed Robot ,1,1,,3.14159,models,1.21025,15,8301.45,0.0745712,4,0.195222,1,6.0,Creative Commons - Attribution - Share Alike,64.0,0.0156265,31545,3.0,1126612.stl,1.00039,6,26.354001998901367,,288.32000732421875,701051,,111.71200561523438,0.0845048,0.00338741,1.33657,3.57082,0.187602,1,111.76600646972656,1.95215,model-robots,8.0,,,https://thingiverse-production-new.s3.amazonaws.com/assets/cf/5e/7f/c8/0a/Cabeza_Bequi.stl,4.0,18.4425,2.01305e-06,0.21452,,8.0,25.79400062561035,5.99886,449.645,0.0426859,236,bqLabs,63078,0.143796,0.114189,1126612.png,0.0620355,1126612.json,8.0
"['geometry', 'math', 'openscad']",296.308,-8.587685585021973,1.20711,1.61804,2012-10-09T09:05:18, Johnson Polyhedra Duals    ,1,1,,1.5708,art,1.04271,,5333.55,0.828815,1,1.5708,1,5.0,Creative Commons - Attribution,6.0,0.918439,11,4.0,93067.stl,1.0,2,24.500110626220703,,15.44834041595459,32101,,16.17469024658203,266.296,0.182435,1.20711,1.61804,300.126,1,20.920270919799805,1.33039,math-art,5.0,2.61081e-07,,https://thingiverse-production-new.s3.amazonaws.com/assets/d9/bf/1e/90/dd/j9.stl,5.0,461.846,259.915,324.384,1,5.0,,4.90909,1.19322,1.25664,,pmoews,18,300.125,300.125,93067.png,1.5708,93067.json,5.5
"['amazing', 'cube', 'gears', 'gyro', 'gyroscope', 'hand_crank', 'interactive', 'motion']",1.06846,1.5460000038146973,1.40886,1091.47,2014-05-22T03:08:19,The Amazing Gyroscopic Cube Gears! ,1,1,,2.37553,art,1.18211,,570.559,0.513237,1,1.34644,1,6.0,Creative Commons - Attribution - Share Alike,16.0,0.314784,269,3.0,1207663.stl,1.06269,2,-0.0010000000474974513,,2.7360000610351562,338808,,-0.7419999837875366,0.448742,0.0199675,1.7153,9.35683,1.49596,1,2.4860000610351562,9.33088,interactive-art,6.0,,,https://thingiverse-production-new.s3.amazonaws.com/assets/f4/6b/ff/15/ff/crank_pin_smaller.stl,6.0,7.4227,3.53013e-05,7.40054,1,7.0,-0.0010000000474974513,5.95539,5.39054,1.20291,,joefe,534,0.623389,0.568616,1207663.png,1.34201,1207663.json,7.0
"['advent_calendar', 'christmas', 'collection', 'LulzBot', 'puzzle']",0.12933,-103.71347045898438,1.29125,161561.0,2012-12-03T00:48:53,Advent Calendar ,,1,,3.14159,toys-and-games,1.23326,30,7354.64,0.0918074,1,0.110338,,6.0,Creative Commons - Attribution,64.0,0.0676902,28436,2.0,106370.stl,1.00007,16,-24.130155563354492,3,-103.57595825195312,36554,,15.794316291809082,0.0039103,9.5454e-05,1.55404,5.64068,0.0331446,,15.827674865722656,2.80954,,6.0,,15,https://thingiverse-production-new.s3.amazonaws.com/assets/20/df/40/aa/5a/Day_11_Gift.stl,6.0,420.0,4.27735e-07,0.0637959,,6.0,-24.587993621826172,5.99852,22.6944,0.0850505,15,pleppik,56867,0.0226915,0.00568458,106370.png,0.0990806,106370.json,6.0
"['bus', 'car', 'Chassis', 'configurable', 'customizer', 'double-decker', 'kids', 'openscad', 'parametric', 'toy', 'transportation']",2.1806,-30.5,4.78372,11850100000.0,2012-12-04T01:53:53,Double Decker Bus & Chassis (Parametric) ,1,1,9,3.14159,toys-and-games,2.66557,51,13554.6,0.476863,6,1.5708,1,5.0,Attribution - Non-Commercial - Share Alike,40.0,0.0429638,3062,3.0,104644.stl,1.00798,-46,4.0,,-30.457000732421875,36598,,-6.0,0.0631705,,16.3048,530.838,4.63469,1,6.0,90.2619,,7.0,,,https://thingiverse-production-new.s3.amazonaws.com/assets/1c/45/8b/d6/7e/BusPlate_small.stl,5.0,344.104,,6.63467,,9.0,3.796999931335449,6.09014,2869100.0,1.3737,198,CodeCreations,6216,1.40378,0.334763,104644.png,1.5708,104644.json,10.0
"['digger', 'micro', 'micro_digger']",1.16871,-5.938929080963135,7.51325,15565.3,2012-10-28T21:02:49,Micro Digger ,1,1,,1.5708,models,1.21947,,682.526,0.559462,1,1.5708,1,5.0,Creative Commons - Attribution - Non-Commercial,38.0,0.0713981,292,4.0,96067.stl,1.00199,,,,-1.2482019662857056,33305,,-1.6906369924545288,0.107077,,18.4561,190.628,1.01834,1,-1.353888988494873,75.0313,vehicles,5.0,,,https://thingiverse-production-new.s3.amazonaws.com/assets/e5/5c/f5/94/c4/lower_body.stl,5.0,43.4426,0.00654357,4.96125,1,7.0,,6.0,117.604,1.5708,,blecheimer,584,0.660782,0.451281,96067.png,1.5708,96067.json,8.45
"['apeture', 'gun', 'insane', 'portal', 'prop']",8.00822,-70.33389282226562,10.9992,5195.0,2012-06-30T22:09:29,Full Scale Portal Gun ,1,1,,2.3078,models,2.1789,,11788.1,0.347869,1,1.57121,1,6.0,Creative Commons - Attribution - No Derivatives,28.0,0.0402416,738,3.0,77948.stl,1.00366,2,-371.89849853515625,,-69.5055160522461,26027,,98.35418701171875,0.812568,0.00983852,18.9,88.2132,23.8935,1,101.52911376953125,45.009,props,6.0,,,https://thingiverse-production-new.s3.amazonaws.com/assets/35/cb/d8/3e/5c/Portal_Gun_White_Right_Shell_Slice_3.stl,5.0,186.462,0.000805317,34.7314,1,7.0,-371.89849853515625,5.98374,52.7854,0.436149,,pleppik,1472,7.49245,3.0729,77948.png,1.5708,77948.json,8.15
"['animal', 'automaton', 'bird', 'dolphin', 'featured', 'mech', 'mechanical_gizmo', 'multi-part', 'prairie_dog', 'sea_life', 'toy']",4.00383,-23.85637092590332,10.0616,107433000000.0,2011-10-12T06:54:24,Mechanical Animals ,1,1,,2.4204,None,3.53963,,2322.22,0.568862,1,1.5708,1,6.0,Creative Commons - Attribution - Share Alike,15.0,0.0255742,292,3.0,39636.stl,1.00345,2,15.0,,-22.14508056640625,11980,,-9.793133735656738,0.548303,,24.1343,102.832,7.92953,1,-6.416097164154053,29.4786,None,6.0,,,https://thingiverse-production-new.s3.amazonaws.com/assets/00/18/bc/8b/5e/dolphin.stl,5.0,49.8865,1.82934e-05,13.5168,1,7.0,10.5,5.9589,185230000.0,1.5708,,sconine,580,4.59244,2.35587,39636.png,1.5708,39636.json,9.0
"['apps', 'design', 'etsy', 'evernote', 'facebook', 'Google', 'icon', 'icons', 'instagram', 'iOS', 'path', 'pinterest', 'Skype', 'spotify', 'testflight', 'twitter', 'vine']",8.09193,-14.0,1.71384,255704000.0,2013-05-24T14:22:39,iOS App Icon Keychains ,1,1,,2.16032,fashion,1.29331,,2945.46,0.603473,1,1.5708,1,5.0,Creative Commons - Attribution,19.0,0.0424509,182,4.0,204952.stl,1.02997,,1.7510000467300415,,3.114974021911621,93320,,14.294136047363281,0.882111,,4.45306,37.389,14.3191,1,14.305000305175781,19.7643,keychains,6.0,,,https://thingiverse-production-new.s3.amazonaws.com/assets/b1/4b/a7/a2/56/Facebook.stl,5.0,441.0,0.00311644,24.528,1,7.0,1.75,6.0,966784.0,1.5708,,pixil3d,364,5.37243,1.33809,204952.png,1.5708,204952.json,10.95
"['bicycle', 'bike', 'flexible', 'Ninjaflex', 'tire', 'tpe', 'wheel']",0.0122071,1.2219467163085938,1.72331,1206.79,2015-06-24T22:57:05,Bicycle (Beta) ,1,1,,1.9062,models,1.32157,,913.971,0.0193853,1,0.0571932,1,6.0,Creative Commons - Attribution - Share Alike,12.0,0.00881735,37438,3.0,1417966.stl,1.00004,2,8.453817367553711,,1.6448974609375,896832,,-3.3171701431274414,0.00557279,0.00334278,2.51126,4.61325,0.0226384,1,-2.116061210632324,3.76869,vehicles,6.0,,,https://thingiverse-production-new.s3.amazonaws.com/assets/f3/65/f5/17/2a/seatv2.stl,6.0,0.302216,8.30084e-05,0.026175,1,6.0,8.361658096313477,5.99968,2.48068,0.0232942,,MiniStyx,74872,0.0154238,0.00925958,1417966.png,0.0445251,1417966.json,6.0
"['3D', 'fun', 'gift', 'Heath_Robinson', 'kids', 'makerbot', 'marble', 'marbles', 'marble_race', 'marble_run', 'marble_track', 'race', 'rube_goldberg', 'run', 'toy', 'toys']",3.94457,-336.0438537597656,1.21874,45.9102,2012-12-23T14:48:36,Marble-Thingi-Run! ,1,1,4,1.99183,toys-and-games,1.20751,,30523.1,0.148964,1,1.4655,1,6.0,Attribution - Non-Commercial - Share Alike,11.0,1.40613e-06,3865,4.0,110780.stl,1.02502,-4,21.995309829711914,,-335.19000244140625,38990,,29.798992156982422,2.74375,,1.30756,3.37632,4.32728,1,32.416236877441406,1.78178,,6.0,,,https://thingiverse-production-new.s3.amazonaws.com/assets/fe/7f/4c/68/15/marbleRun-H.STL,6.0,60.5564,,11.0343,,6.0,19.28907012939453,6.00621,1.68758,0.209435,10,christinachun,7738,3.72511,3.18728,110780.png,0.209446,110780.json,6.0
"['barspin', 'car', 'Daniel_Noree', 'grip', 'openrc', 'radio_controlled', 'rims', 'wheels', 'winter']",1.0168,-2.5717582580799545e-16,3.88721,181576.0,2012-12-08T23:26:32,OpenRC 1:10 Winter fun wheels ,,1,,2.65518,hobby,3.53626,,35468.1,0.25327,1,1.57774,,6.0,Creative Commons - Attribution,34.0,0.0416806,18959,2.0,106611.stl,1.00568,-695,2.0999999046325684,4426,0.1996176838874817,37131,,-6.0,0.164389,0.000115761,11.0428,157.495,1.04607,1,-3.0,68.4027,rc-vehicles,6.0,,,https://thingiverse-production-new.s3.amazonaws.com/assets/91/cf/4b/c2/cd/OpenRC_Snow_Rim_Herringbone_Right.stl,5.0,100.115,1.71452e-06,2.49727,,7.0,2.0904910564422607,5.75305,98.3495,0.0544116,1998,barspin,34882,0.671036,0.632684,106611.png,1.56638,106611.json,9.0
"['3D', 'caterpillar', 'education', 'electronics', 'featured', 'mobile', 'mobile_robot', 'openscad', 'Plastic_Valley', 'PrintBot', 'remote-controlled', 'robot', 'robotics', 'rubber_band', 'servo', 'UC3M']",11.4777,-13.0,2.49056,11893.1,2011-11-05T15:30:52,4Track ,1,1,,1.5708,None,1.36484,,3535.14,0.625599,1,1.5708,1,6.0,Creative Commons - Attribution - Share Alike,18.0,,140,3.0,43386.stl,1.07017,-14,3.0,,-13.0,13298,,-9.0,2.6033,,8.06938,68.5252,25.2625,1,-6.5,25.1442,None,7.0,,,https://thingiverse-production-new.s3.amazonaws.com/assets/0d/89/18/f8/8f/Hcoupler.stl,5.0,143.75,0.0648225,39.0,1,10.0,,6.6,91.3226,1.5708,,Kepler,308,12.6528,3.75,43386.png,1.5708,43386.json,11.0
"['3D', 'art', 'featured', 'Iron_Man', 'jewelry', 'shoes', 'supportless', 'UP']",2.47413,18.665250778198242,6.1451,9077.35,2011-11-06T18:34:10,Shoe lace cover; IronMan design ,1,1,,1.57477,None,3.17975,,2365.27,0.547971,1,1.5708,1,5.0,Creative Commons - Attribution - Non-Commercial,27.0,0.0424058,480,3.0,43551.stl,1.00889,2,9.5,,21.0,13360,,5.0,0.130733,,23.5294,73.4521,3.66054,1,5.0,48.5802,None,6.0,,,https://thingiverse-production-new.s3.amazonaws.com/assets/2c/a4/f8/81/b8/Lace_covers_part_2.STL,5.0,266.044,0.000370964,5.97481,1,7.0,2.000000238418579,5.975,64.4755,1.5708,,DrewPetitclerc,956,0.663255,0.359302,43551.png,1.5708,43551.json,10.0
"['gauge', 'measurement', 'radius', 'tool']",0.944774,30.462020874023438,5.26819,27973.7,2013-09-10T19:28:39,Radius Gauge ,1,1,,2.35585,tools,3.57607,,804.947,0.555297,1,1.5708,1,6.0,Creative Commons - Attribution - Share Alike,20.0,0.0300362,426,4.0,289654.stl,1.01756,,3.0,,33.0,149026,,5.4315338134765625,0.0658677,,9.69238,70.5789,1.44908,1,8.056533813476562,29.9861,hand-tools,6.0,,,https://thingiverse-production-new.s3.amazonaws.com/assets/9f/00/ec/86/b0/RadiusGauge8mm.STL,5.0,34.7085,0.000460283,3.45725,1,7.0,3.0,6.0,89.8391,1.5708,,iamjonlawrence,852,0.653669,0.157691,289654.png,1.5708,289654.json,10.0
"['animal', 'dolphin', 'mech', 'toy', 'UPPlus_3D_printer']",3.73919,-18.500009536743164,8.41942,315028.0,2011-11-11T03:30:43,Dolphin Automata ,1,1,,3.14159,None,2.74618,150,1921.94,0.407364,1,1.5708,,5.0,Public Domain,32.0,,231,3.0,43993.stl,1.03645,-26,26.100000381469727,,-17.600019454956055,13493,,22.3700008392334,0.157855,,19.1029,210.818,6.2573,1,22.909990310668945,66.4477,None,7.0,,,https://thingiverse-production-new.s3.amazonaws.com/assets/19/a8/24/03/3b/dolphin_pivot.stl,5.0,81.0,0.00225,16.326,,10.0,24.600000381469727,6.67532,664.928,0.286807,357,Brinny,514,2.60597,1.44794,43993.png,1.5708,43993.json,13.5
"['bioshock', 'Bioshock_Infinite', 'bottle', 'eve', 'Infinite', 'Phial', 'prop', 'Salts']",0.00061903,-1.192154884338379,6.07126,833608.0,2013-06-03T04:31:52,Phial of Salts prop - Bioshock Infinite ,1,1,,3.13945,models,1.61719,,68.726,0.0785183,1,0.168618,1,6.0,Attribution - Non-Commercial - Share Alike,18.0,0.0308132,55513,3.0,212138.stl,1.00014,2,-0.49322155117988586,,-1.1905258893966675,97870,,-0.08130216598510742,4.45575e-05,0.00119849,12.2397,48.9432,0.0016902,1,-0.07898330688476562,21.8335,props,6.0,,,https://thingiverse-production-new.s3.amazonaws.com/assets/90/86/3c/60/fc/bioshock_salts_bottle_final.stl,6.0,0.0387917,1.59838e-07,0.00207088,1,7.0,-0.5236560106277466,5.99978,131.955,0.0600578,,mooslug,111022,0.000554789,0.000103599,212138.png,0.0865954,212138.json,7.0
"['accessory', 'dual', 'makerbot', 'pen_holder', 'wreck_it_ralph']",2.51462,-29.68002700805664,2.634,9112.93,2013-03-10T06:19:28,Fight The Power Pencil Holder ,1,1,,1.5746,household,1.27213,,15837.1,0.125157,1,0.314036,1,6.0,Creative Commons - Attribution - Share Alike,23.0,0.0506913,3149,4.0,151370.stl,1.0012,,0.39317360520362854,,-29.610109329223633,59918,,27.25792694091797,0.111372,1.58069e-05,3.32379,43.5731,5.08676,1,27.25792694091797,12.6502,decor,6.0,,,https://thingiverse-production-new.s3.amazonaws.com/assets/bd/32/66/24/f3/stencilnew.stl,5.0,219.73,0.000228628,12.3575,1,7.0,-0.39314931631088257,6.0,19.7999,0.190428,,into3D,6298,0.486467,0.253274,151370.png,0.224516,151370.json,8.0
"['dinosaur', 't-rex', 'trophy']",0.101238,-3.276848793029785,3.93199,8453.95,2012-06-28T09:17:42,Mounted T-Rex Head Trophy by TheNewHob,1,1,,1.5708,art,1.98837,,104.072,0.36855,1,1.5708,1,6.0,Creative Commons - Attribution - Non-Commercial,12.0,0.0256183,516,4.0,331045.stl,1.48727,2,0.5550000071525574,,-3.23932147026062,25871,,3.262695789337158,0.0284642,,27.2081,220.983,0.33141,1,3.3391199111938477,70.7964,scans-and-replicas,6.0,,,https://thingiverse-production-new.s3.amazonaws.com/assets/df/26/41/d8/2e/T-Rex_Mount.stl,6.0,0.813464,0.00011441,0.45739,1,7.0,,5.97674,90.884,0.469585,,ist,1028,0.0647915,0.0477966,331045.png,1.5708,331045.json,7.0
"['atom', 'bohr', 'chemistry', 'customizer', 'electron', 'electron_configuration', 'gimbal', 'periodic_table', 'physics']",0.179877,-17.0,1.29492,528050000000000.0,2013-07-08T14:53:23,Customizable Atom Deluxe (every element preconfigured) ,1,1,,3.14159,learning,1.21221,6,57493.6,0.100585,8,0.090351,1,6.0,Creative Commons - Attribution,139.0,0.0641582,159790,3.0,325010.stl,1.00105,-24,3.0,,-16.863399505615234,114247,,-1.5238699913024902,0.00632666,0.000332972,2.03064,12.9807,0.0161047,1,,6.96481,physics-and-astronomy,6.0,,,https://thingiverse-production-new.s3.amazonaws.com/assets/f4/a4/33/45/68/118_-_Uuo_-_Ununoctium.stl,6.0,53.3487,8.34318e-17,0.42814,,6.0,1.4761300086975098,6.0009,8627870000.0,0.0896617,18,roman_hegglin,319628,0.0155214,0.0121225,325010.png,0.0899635,325010.json,6.0
"['box', 'business', 'business_card', 'business_cards', 'card_case', 'case', 'collectable_cards', 'container', 'custom', 'customizer', 'magic_the_gathering', 'MTG', 'office', 'playing_cards']",16.7586,-29.296680450439453,2.01417,2283110.0,2013-04-01T15:10:03,Card Case Customizer by TheNewHob,,1,14,1.65529,household,1.55984,21,38611.8,0.547185,4,1.5708,1,5.0,Creative Commons - Attribution - Non-Commercial,83.0,,1308,3.0,162898.stl,1.03194,-16,22.0,344,-5.296681880950928,66327,,-29.171789169311523,0.153909,,10.3379,169.062,5.42973,1,-29.171789169311523,85.9763,office,6.0,,,https://thingiverse-production-new.s3.amazonaws.com/assets/d5/3f/20/35/12/50_Business_Cards.stl,4.0,2168.17,,14.0422,,7.0,-1.8661780765995804e-14,5.5474,1479.56,1.5708,805,ist,2304,1.01208,0.316813,162898.png,1.5708,162898.json,8.0
"['4-8-8-4', 'Locomotive', 'railroad', 'scale_model', 'Steam_Locomotive', 'steam_train', 'Union_Pacific']",0.0494276,4.3077545166015625,1.55334,2668860.0,2014-02-27T19:59:32,4-8-8-4 Big Boy Locomotive ,,1,,2.28305,models,1.43067,,955.93,0.189963,1,1.2669,1,6.0,Creative Commons - Attribution,127.0,0.0249092,9683,3.0,472012.stl,1.0,-13,29.646757125854492,52,8.15723705291748,259005,,5.873749732971191,0.00694872,9.02963e-05,75.9108,1537.2,0.0583411,1,9.207500457763672,477.857,vehicles,6.0,,,https://thingiverse-production-new.s3.amazonaws.com/assets/35/2b/35/cd/30/Crank_Pin_-_Intermediate_-Nut.STL,5.0,22.3592,4.15798e-07,0.0947291,,7.0,29.646757125854492,5.99731,1243.75,0.0683028,18,MakerBot,19340,0.0190198,0.00771136,472012.png,0.897603,472012.json,8.0
"['808', 'multicopter', 'quad', 'Quadcopter', 'quadrotor', 'RC']",28.0598,-35.0,12.0856,24501.3,2012-07-10T15:28:31,5/16 (8mm) Rod Based MultiWii Quadcopter ,1,1,3,2.33143,hobby,2.13011,16,12458.5,0.633699,1,1.5708,1,6.0,Attribution - Non-Commercial - Share Alike,36.0,,200,4.0,77476.stl,-870769000000000.0,-22,-4.094696998596191,,-35.0,25882,,-35.0,5.1,,25.5618,186.166,50.5758,1,35.0,70.0196,rc-vehicles,7.0,,,https://thingiverse-production-new.s3.amazonaws.com/assets/0e/61/e5/c4/78/quad_center_bottom_v2.stl,5.0,395.5,,101.686,,9.0,-7.0,6.66,-3949060000000.0,1.5708,36,Zarquon,444,31.3089,11.9472,77476.png,1.5708,77476.json,11.0
"['adventure', 'alien', 'astronaut', 'board', 'breach', 'game', 'gaming', 'RPG', 'scifi', 'Spaceship', 'starship', 'strategy', 'tabletop', 'tactical', 'tactics', 'war']",0.296019,-10.863409996032715,2.37755,476047000000.0,2012-12-07T00:49:36,Breach Preview ,1,,1,3.14159,toys-and-games,1.44502,18,2857.77,0.452015,2,1.72874,,5.0,Attribution - Non-Commercial - Share Alike,44.0,0.00459973,4826,2.0,105326.stl,1.00052,3,1.934000015258789,,-10.77737045288086,36958,2,3.933011054992676,0.0192531,3.45176e-06,11.9909,1217.55,0.59192,,4.9142231941223145,318.967,games,7.0,,2,https://thingiverse-production-new.s3.amazonaws.com/assets/a4/e6/e4/f9/64/dominion_gunship.stl,4.0,31.8718,,1.02136,,8.0,1.9332460165023804,5.99959,101372000.0,0.792478,19,dutchmogul,9654,0.261308,0.0911575,105326.png,1.5708,105326.json,11.0
"['3D', 'arduino', 'PrintBot', 'robot', 'robotarm', 'robot_arm']",0.145495,1.2799999713897705,3.192,249.876,2012-11-18T08:54:47,Micro Robot arm (9g Micro Servo) see video ,1,1,,1.61766,hobby,1.79805,24,61.1079,0.592873,3,1.5708,1,5.0,Creative Commons - Attribution,17.0,,208,3.0,100045.stl,1.0344,-2,2.380000114440918,,3.619999885559082,34829,,1.8200000524520874,0.00195778,,7.49266,32.6268,0.84,1,1.9700000286102295,17.424,robotics,6.0,,,https://thingiverse-production-new.s3.amazonaws.com/assets/c5/b4/d1/64/c6/Fot.stl,5.0,1.7199,0.000540894,0.99999,,8.0,2.380000114440918,6.05769,9.77271,1.5708,188,bentommye,420,0.0583091,0.0057274,100045.png,1.5708,100045.json,11.65
"['animal', 'dog', 'featured']",5.30139,33.41653823852539,1.3983,46936.1,2011-10-18T18:49:07,Dog Head ,1,1,,3.0309,None,1.19532,,10655.8,0.259208,1,1.5704,1,6.0,Creative Commons - Attribution - Non-Commercial,25.0,0.0672804,1007,3.0,41108.stl,1.00013,2,19.834659576416016,,33.41653823852539,12679,,0.7510570883750916,0.157391,0.00948017,2.21995,26.0047,14.4558,1,2.6653459072113037,5.56911,None,6.0,,,https://thingiverse-production-new.s3.amazonaws.com/assets/69/cc/22/e3/02/slice.5.ma.stl,5.0,196.707,7.13434e-05,24.4606,,8.0,,5.98808,76.3578,0.205361,14,sideburn,2010,4.2058,0.378278,41108.png,0.957263,41108.json,8.0
"['alien', 'egg', 'featured', 'lamp', 'ultimaker']",0.822992,-5.859809875488281,1.96299,23.5731,2011-12-14T12:56:26,Alien Egg ,1,1,,1.38442,None,1.49674,,64469.9,0.171425,1,0.533816,1,6.0,Creative Commons - Attribution - Share Alike,24.0,0.100357,38788,4.0,48124.stl,1.00014,-380,0.17910000681877136,,-0.0006294249906204641,14603,,-1.5027300119400024,0.451961,0.0278735,2.83385,5.17871,1.48415,1,0.013770460151135921,4.21897,None,6.0,2.87222e-06,,https://thingiverse-production-new.s3.amazonaws.com/assets/b9/b3/c5/c0/2a/alien_egg.stl,6.0,4.44273,0.0623629,1.96829,,7.0,0.17778000235557556,6.05878,2.42141,0.268444,148,WickedAndy,78336,1.01843,0.674776,48124.png,0.451439,48124.json,7.0
"['design', 'flowers', 'pot', 'twisted', 'tri', 'triangular', 'trivase', 'vase']",5.31575,0.1937752068042755,1.31048,383324.0,2012-01-22T16:12:19,yet another vase ,1,1,,2.12795,household,1.14028,,9387.62,0.204251,1,1.79094,1,6.0,Creative Commons - Attribution - Share Alike,17.0,0.0565644,885,3.0,1777452.stl,1.0,2,84.45800018310547,,2.827775239944458,16378,,-16.832355499267578,4.8374,0.0371504,1.47236,14.2858,6.575,1,-13.921356201171875,3.36682,decor,6.0,,,https://thingiverse-production-new.s3.amazonaws.com/assets/d9/87/e4/29/d4/trivase_solid2.stl,6.0,59.7899,0.000133103,6.8119,1,6.0,80.5270004272461,5.98644,223.728,0.0715047,,joo,1766,6.30092,5.58816,1777452.png,0.0914613,1777452.json,6.0
"['25mm', '28mm', 'Armor', 'demon', 'diorama', 'horror', 'marine', 'mercenary', 'miniature', 'model', 'monster', 'Multiverse', 'mutant', 'power', 'RPG', 'scifi', 'tabletop']",20.3187,-22.744970321655273,6.5822,555274.0,2013-01-10T08:01:42,Hatch 42 ,1,1,,2.88217,models,2.15548,,27592.8,0.733863,3,1.5708,1,6.0,Creative Commons - Attribution - Share Alike,16.0,0.523548,685,3.0,116291.stl,1.00572,6,2.002000093460083,,-11.10597038269043,41365,,-23.582000732421875,2.00337,,9.18725,973.322,30.0972,1,-16.863000869750977,205.615,,7.0,,,https://thingiverse-production-new.s3.amazonaws.com/assets/a6/77/a2/17/a4/floor.stl,5.0,1000.0,4.432e-05,78.2141,1,8.0,0.9980000257492065,5.94745,2033.28,1.5708,,dutchmogul,1358,8.80908,6.19063,116291.png,1.5708,116291.json,8.0
"['body', 'crawler', 'losi', 'micro', 'RC', 'samurai', 'suzuki']",19.4882,-6.963904857635498,4.69795,909268.0,2012-05-13T17:10:46,1/20 Suzuki samurai body ,1,1,,2.02492,hobby,1.88001,,7093.72,0.678027,1,1.5708,1,6.0,Creative Commons - Attribution,14.0,0.00175854,178,3.0,70374.stl,1.03844,-4,6.066667079925537,,-5.333392143249512,22977,,-26.319660186767578,0.521261,,23.8802,237.924,28.1101,1,-17.226539611816406,65.9631,rc-vehicles,7.0,,,https://thingiverse-production-new.s3.amazonaws.com/assets/4b/9f/24/32/8e/cote-avant.stl,5.0,943.865,6.01074e-05,53.1089,,8.0,1.0666669607162476,6.13483,3005.26,1.5708,,crazytiti,364,15.8831,4.78098,70374.png,1.5708,70374.json,9.0
"['christmas', 'gift', 'holiday', 'makerbot', 'nutcracker']",0.0797836,-25.345233917236328,1.30402,30530800000.0,2014-12-06T00:47:01,Nutcracker ,1,1,4,3.14159,household,1.15506,188,11980.0,0.180021,1,0.466792,,6.0,Creative Commons - Attribution - Non-Commercial,515.0,0.123941,74995,3.0,931877.stl,1.00001,-83,-10.428744316101074,,-25.33983612060547,579567,,115.76091003417969,0.00900368,0.053635,1.90059,40.9259,0.046022,1,115.76161193847656,5.23116,decor,7.0,,,https://thingiverse-production-new.s3.amazonaws.com/assets/bc/3c/cb/e7/2f/Back_30in.stl,5.0,214.129,,0.173037,,8.0,-10.433342933654785,6.00664,952772.0,0.210661,2959,MakerBot,150156,0.0243328,0.0145914,931877.png,0.333384,931877.json,8.0
"['color', 'colour', 'coloured', 'faberdashery', 'multi', 'parts', 'PLA', 'dragon', 'featured']",0.644842,31.843265533447266,1.27206,730443.0,2011-10-21T07:51:18,NO SUPPORT needed - Roal The Bratty Dragon Prototype ,1,1,,2.74789,None,1.1236,,6485.82,0.117398,1,0.0999119,1,6.0,Creative Commons - Attribution,16.0,0.0225522,5031,3.0,41360.stl,1.00019,2,8.057567596435547,,32.5670051574707,12746,,41.12515640258789,0.152981,0.00837358,1.53394,67.0792,0.800764,1,42.12937545776367,2.14641,None,8.0,5.62184e-12,,https://thingiverse-production-new.s3.amazonaws.com/assets/41/8e/25/1a/c8/Roal10_tummy_2x_sized.stl,4.0,57.6859,5.37842e-06,1.01515,1,9.0,7.266845703125,5.99761,173.4,0.0389079,,RichRap,10058,0.573216,0.378572,41360.png,0.0599976,41360.json,9.0
"['Cards', 'case', 'games', 'sketchup', 'toy']",32.6265,38.18827438354492,4.87841,30904.8,2012-12-16T03:41:54,Playing Card Box ,1,1,,2.82446,toys-and-games,1.87038,,40978.9,0.567886,2,1.5708,1,6.0,Creative Commons - Attribution - Share Alike,42.0,4.18506e-11,628,3.0,108199.stl,1.11457,,16.156892776489258,,46.02093505859375,38001,,25.0,2.31511,1.91592e-13,15.6814,510.518,25.7572,1,25.0,57.2239,games,6.0,,,https://thingiverse-production-new.s3.amazonaws.com/assets/27/57/ea/fb/c3/cardBox.stl,5.0,995.355,0.001602,103.275,1,7.0,14.739654541015625,6.0,359.256,1.5708,,SometimesCake,1256,20.8978,2.79637,108199.png,1.5708,108199.json,7.0
"['case', 'insane', 'iphone', 'jason', 'kid', 'kid_proof', 'proof', 'tank', 'welsh', 'wild']",2.41152,120.04200744628906,14.7232,501222000000.0,2012-11-21T19:44:00,iPhone Tank Case - Gen 4 and 4s ,1,1,,3.14159,gadgets,3.25726,307,53748.0,0.510371,3,1.58227,,5.0,Creative Commons - Attribution - Share Alike,90.0,0.0010852,11015,3.0,104187.stl,1.00002,-129,-2.822000026702881,,123.22600555419922,35278,,136.62400817871094,0.0413007,,112.897,21355.9,4.12146,1,137.04400634765625,2079.32,mobile-phone,6.0,,,https://thingiverse-production-new.s3.amazonaws.com/assets/2f/a0/4e/35/04/iphoneTank2mmver.stl,5.0,257.504,1.9978e-06,8.76372,,8.0,-2.886000156402588,6.07027,24580100.0,1.54574,810,jasonwelsh,22288,1.19046,0.246331,104187.png,1.5708,104187.json,11.0
"['gyroscope', 'walking_toy']",0.0150098,7.130001544952393,1.9048,29441900.0,2015-04-11T01:58:30,Gyroman ,,1,,3.09536,toys-and-games,1.22943,,251.203,0.0643623,1,0.112223,,6.0,Creative Commons - Attribution - Share Alike,35.0,0.0351449,8373,3.0,1228199.stl,1.00024,-5,1.7947033643722534,20,7.1453351974487305,766501,,6.347886085510254,0.000426224,0.00327055,3.13969,32.3381,0.0237829,1,6.367787837982178,11.5623,mechanical-toys,6.0,,,https://thingiverse-production-new.s3.amazonaws.com/assets/04/5f/15/7b/b2/hook.STL,6.0,2.47035,2.48008e-10,0.0831591,,7.0,1.747178316116333,5.99881,3032.45,0.0561114,11,LoboCNC,16736,0.0101066,0.00221955,1228199.png,0.112183,1228199.json,7.0
"['complex', 'math', 'pva', 'support', 'dualstrusion', 'hilbertcube']",17.4273,-15.0,1.7525,163284000000.0,2012-01-21T21:26:55,Hilbert Cube ,1,1,,1.5708,art,1.20711,,8853.05,0.742109,1,1.5708,1,6.0,Creative Commons - Attribution - Share Alike,15.0,,240,3.0,53757.stl,1.20709,-14,25.71430015563965,,-15.0,16343,,-15.0,9.18368,,2.39722,11.3107,27.551,1,-10.714300155639648,3.67638,math-art,8.0,,,https://thingiverse-production-new.s3.amazonaws.com/assets/ea/e9/93/5c/73/hilbert_cube1_support.stl,5.0,36.7349,6.42855e-05,27.5511,1,9.0,21.428600311279297,6.35,374455000.0,1.5708,,tbuser,508,27.5508,18.3673,53757.png,1.5708,53757.json,9.0
,0.463357,-5.900000095367432,27.2344,7329560.0,2012-12-31T20:03:29,Wifi Camera Tank; Only Bigger ,1,1,,1.5708,hobby,19.3672,,741.371,0.528835,1,1.5708,1,5.0,GNU - GPL,156.0,0.0156687,800,3.0,112940.stl,5.13474,,,,-5.897089958190918,39845,,-0.18532299995422363,0.11366,,39.0759,311.846,0.926738,1,0.18532299995422363,112.009,robotics,6.0,,,https://thingiverse-production-new.s3.amazonaws.com/assets/c3/9b/93/8e/32/Gear_BC_Bearing_Sleeve.stl,5.0,0.926766,0.000411784,0.926748,1,7.0,,6.0,18469.0,1.5708,,shmorgan,1600,0.714696,0.599624,112940.png,1.5708,112940.json,7.0
